Workbook

Sheet P01
A1: P01 | B1: PREGUNTAS | C1: PUNTUACIÓN | H1: RESULTADO | J1: LEYENDA CON ESCALA DE ADJETIVOS
A2: CASO B | C2: 1 | D2: 2 | E2: 3 | F2: 4 | G2: 5 | J2: BEST IMAGINABLE: [85, 100] | K2: La usabilidad es EXCEPCIONAL
A3: 1 | B3: Creo que me gustará visitar con frecuencia este website | E3: X | H3: =MATCH("X",C3:G3,0) -> 3 | J3: EXCELLENT: [81, 85) | K3: La usabilidad es EXCELENTE
A4: 2 | B4: Encontré el website innecesariamente complejo | C4: X | H4: =MATCH("X",C4:G4,0) -> 1 | J4: GOOD: [74, 81) | K4: La usabilidad es BUENA
A5: 3 | B5: Pensé que era fácil utilizar este website | F5: X | H5: =MATCH("X",C5:G5,0) -> 4 | J5: OK: [52, 74) | K5: La usabilidad es ACEPTABLE
A6: 4 | B6: Creo que necesitaría del apoyo de un experto para recorrer el website | C6: X | H6: =MATCH("X",C6:G6,0) -> 1 | J6: POOR: [25, 52) | K6: La usabilidad es DEFICIENTE
A7: 5 | B7: Encontré las funciones del website bastante bien integradas | F7: X | H7: =MATCH("X",C7:G7,0) -> 4 | J7: WORST IMAGINABLE: [0, 25) | K7: La usabilidad es MUY DEFICIENTE
A8: 6 | B8: Pensé que había demasiada inconsistencia en el website | D8: X | H8: =MATCH("X",C8:G8,0) -> 2
A9: 7 | B9: Imagino que la mayoría de las personas aprenderían muy rápidamente a utilizar el website | F9: X | H9: =MATCH("X",C9:G9,0) -> 4
A10: 8 | B10: Encontré el website muy grande al recorrerlo | D10: X | H10: =MATCH("X",C10:G10,0) -> 2
A11: 9 | B11: Me sentí muy confiado en el manejo del website | F11: X | H11: =MATCH("X",C11:G11,0) -> 4
A12: 10 | B12: Necesito aprender muchas cosas antes de manejarse en el website | C12: X | H12: =MATCH("X",C12:G12,0) -> 1
A13: VALORACIÓN FINAL | H13: =((H3-1)+(5-H4)+(H5-1)+(5-H6)+(H7-1)+(5-H8)+(H9-1)+(5-H10)+(H11-1)+(5-H12))*2.5 -> 80
H14: =IF(H13<25,"WORST IMAGINABLE", IF(H13<52,"POOR", IF(H13<74,"OK", IF(H13<81,"GOOD", IF(H13<85,"EXCELLENT", "BEST IMAGINABLE"))))) -> GOOD

Sheet P02
A1: P02 | B1: PREGUNTAS | C1: PUNTUACIÓN | H1: RESULTADO | J1: LEYENDA CON ESCALA DE ADJETIVOS
A2: CASO B | C2: 1 | D2: 2 | E2: 3 | F2: 4 | G2: 5 | J2: BEST IMAGINABLE: [85, 100] | K2: La usabilidad es EXCEPCIONAL
A3: 1 | B3: Creo que me gustará visitar con frecuencia este website | F3: X | H3: =MATCH("X",C3:G3,0) -> 4 | J3: EXCELLENT: [81, 85) | K3: La usabilidad es EXCELENTE
A4: 2 | B4: Encontré el website innecesariamente complejo | D4: X | H4: =MATCH("X",C4:G4,0) -> 2 | J4: GOOD: [74, 81) | K4: La usabilidad es BUENA
A5: 3 | B5: Pensé que era fácil utilizar este website | G5: X | H5: =MATCH("X",C5:G5,0) -> 5 | J5: OK: [52, 74) | K5: La usabilidad es ACEPTABLE
A6: 4 | B6: Creo que necesitaría del apoyo de un experto para recorrer el website | C6: X | H6: =MATCH("X",C6:G6,0) -> 1 | J6: POOR: [25, 52) | K6: La usabilidad es DEFICIENTE
A7: 5 | B7: Encontré las funciones del website bastante bien integradas | F7: X | H7: =MATCH("X",C7:G7,0) -> 4 | J7: WORST IMAGINABLE: [0, 25) | K7: La usabilidad es MUY DEFICIENTE
A8: 6 | B8: Pensé que había demasiada inconsistencia en el website | D8: X | H8: =MATCH("X",C8:G8,0) -> 2
A9: 7 | B9: Imagino que la mayoría de las personas aprenderían muy rápidamente a utilizar el website | F9: X | H9: =MATCH("X",C9:G9,0) -> 4
A10: 8 | B10: Encontré el website muy grande al recorrerlo | C10: X | H10: =MATCH("X",C10:G10,0) -> 1
A11: 9 | B11: Me sentí muy confiado en el manejo del website | F11: X | H11: =MATCH("X",C11:G11,0) -> 4
A12: 10 | B12: Necesito aprender muchas cosas antes de manejarse en el website | C12: X | H12: =MATCH("X",C12:G12,0) -> 1
A13: VALORACIÓN FINAL | H13: =((H3-1)+(5-H4)+(H5-1)+(5-H6)+(H7-1)+(5-H8)+(H9-1)+(5-H10)+(H11-1)+(5-H12))*2.5 -> 85
H14: =IF(H13<25,"WORST IMAGINABLE", IF(H13<52,"POOR", IF(H13<74,"OK", IF(H13<81,"GOOD", IF(H13<85,"EXCELLENT", "BEST IMAGINABLE"))))) -> BEST IMAGINABLE

Sheet P03
A1: P03 | B1: PREGUNTAS | C1: PUNTUACIÓN | H1: RESULTADO | J1: LEYENDA CON ESCALA DE ADJETIVOS
A2: CASO B | C2: 1 | D2: 2 | E2: 3 | F2: 4 | G2: 5 | J2: BEST IMAGINABLE: [85, 100] | K2: La usabilidad es EXCEPCIONAL
A3: 1 | B3: Creo que me gustará visitar con frecuencia este website | D3: X | H3: =MATCH("X",C3:G3,0) -> 2 | J3: EXCELLENT: [81, 85) | K3: La usabilidad es EXCELENTE
A4: 2 | B4: Encontré el website innecesariamente complejo | E4: X | H4: =MATCH("X",C4:G4,0) -> 3 | J4: GOOD: [74, 81) | K4: La usabilidad es BUENA
A5: 3 | B5: Pensé que era fácil utilizar este website | E5: X | H5: =MATCH("X",C5:G5,0) -> 3 | J5: OK: [52, 74) | K5: La usabilidad es ACEPTABLE
A6: 4 | B6: Creo que necesitaría del apoyo de un experto para recorrer el website | C6: X | H6: =MATCH("X",C6:G6,0) -> 1 | J6: POOR: [25, 52) | K6: La usabilidad es DEFICIENTE
A7: 5 | B7: Encontré las funciones del website bastante bien integradas | E7: X | H7: =MATCH("X",C7:G7,0) -> 3 | J7: WORST IMAGINABLE: [0, 25) | K7: La usabilidad es MUY DEFICIENTE
A8: 6 | B8: Pensé que había demasiada inconsistencia en el website | F8: X | H8: =MATCH("X",C8:G8,0) -> 4
A9: 7 | B9: Imagino que la mayoría de las personas aprenderían muy rápidamente a utilizar el website | E9: X | H9: =MATCH("X",C9:G9,0) -> 3
A10: 8 | B10: Encontré el website muy grande al recorrerlo | C10: X | H10: =MATCH("X",C10:G10,0) -> 1
A11: 9 | B11: Me sentí muy confiado en el manejo del website | G11: X | H11: =MATCH("X",C11:G11,0) -> 5
A12: 10 | B12: Necesito aprender muchas cosas antes de manejarse en el website | C12: X | H12: =MATCH("X",C12:G12,0) -> 1
A13: VALORACIÓN FINAL | H13: =((H3-1)+(5-H4)+(H5-1)+(5-H6)+(H7-1)+(5-H8)+(H9-1)+(5-H10)+(H11-1)+(5-H12))*2.5 -> 65
H14: =IF(H13<25,"WORST IMAGINABLE", IF(H13<52,"POOR", IF(H13<74,"OK", IF(H13<81,"GOOD", IF(H13<85,"EXCELLENT", "BEST IMAGINABLE"))))) -> OK

Sheet P04
A1: P04 | B1: PREGUNTAS | C1: PUNTUACIÓN | H1: RESULTADO | J1: LEYENDA CON ESCALA DE ADJETIVOS
A2: CASO B | C2: 1 | D2: 2 | E2: 3 | F2: 4 | G2: 5 | J2: BEST IMAGINABLE: [85, 100] | K2: La usabilidad es EXCEPCIONAL
A3: 1 | B3: Creo que me gustará visitar con frecuencia este website | F3: X | H3: =MATCH("X",C3:G3,0) -> 4 | J3: EXCELLENT: [81, 85) | K3: La usabilidad es EXCELENTE
A4: 2 | B4: Encontré el website innecesariamente complejo | C4: X | H4: =MATCH("X",C4:G4,0) -> 1 | J4: GOOD: [74, 81) | K4: La usabilidad es BUENA
A5: 3 | B5: Pensé que era fácil utilizar este website | G5: X | H5: =MATCH("X",C5:G5,0) -> 5 | J5: OK: [52, 74) | K5: La usabilidad es ACEPTABLE
A6: 4 | B6: Creo que necesitaría del apoyo de un experto para recorrer el website | C6: X | H6: =MATCH("X",C6:G6,0) -> 1 | J6: POOR: [25, 52) | K6: La usabilidad es DEFICIENTE
A7: 5 | B7: Encontré las funciones del website bastante bien integradas | G7: X | H7: =MATCH("X",C7:G7,0) -> 5 | J7: WORST IMAGINABLE: [0, 25) | K7: La usabilidad es MUY DEFICIENTE
A8: 6 | B8: Pensé que había demasiada inconsistencia en el website | D8: X | H8: =MATCH("X",C8:G8,0) -> 2
A9: 7 | B9: Imagino que la mayoría de las personas aprenderían muy rápidamente a utilizar el website | F9: X | H9: =MATCH("X",C9:G9,0) -> 4
A10: 8 | B10: Encontré el website muy grande al recorrerlo | D10: X | H10: =MATCH("X",C10:G10,0) -> 2
A11: 9 | B11: Me sentí muy confiado en el manejo del website | G11: X | H11: =MATCH("X",C11:G11,0) -> 5
A12: 10 | B12: Necesito aprender muchas cosas antes de manejarse en el website | C12: X | H12: =MATCH("X",C12:G12,0) -> 1
A13: VALORACIÓN FINAL | H13: =((H3-1)+(5-H4)+(H5-1)+(5-H6)+(H7-1)+(5-H8)+(H9-1)+(5-H10)+(H11-1)+(5-H12))*2.5 -> 90
H14: =IF(H13<25,"WORST IMAGINABLE", IF(H13<52,"POOR", IF(H13<74,"OK", IF(H13<81,"GOOD", IF(H13<85,"EXCELLENT", "BEST IMAGINABLE"))))) -> BEST IMAGINABLE

Sheet P05
A1: P05 | B1: PREGUNTAS | C1: PUNTUACIÓN | H1: RESULTADO | J1: LEYENDA CON ESCALA DE ADJETIVOS
A2: CASO B | C2: 1 | D2: 2 | E2: 3 | F2: 4 | G2: 5 | J2: BEST IMAGINABLE: [85, 100] | K2: La usabilidad es EXCEPCIONAL
A3: 1 | B3: Creo que me gustará visitar con frecuencia este website | F3: X | H3: =MATCH("X",C3:G3,0) -> 4 | J3: EXCELLENT: [81, 85) | K3: La usabilidad es EXCELENTE
A4: 2 | B4: Encontré el website innecesariamente complejo | D4: X | H4: =MATCH("X",C4:G4,0) -> 2 | J4: GOOD: [74, 81) | K4: La usabilidad es BUENA
A5: 3 | B5: Pensé que era fácil utilizar este website | G5: X | H5: =MATCH("X",C5:G5,0) -> 5 | J5: OK: [52, 74) | K5: La usabilidad es ACEPTABLE
A6: 4 | B6: Creo que necesitaría del apoyo de un experto para recorrer el website | C6: X | H6: =MATCH("X",C6:G6,0) -> 1 | J6: POOR: [25, 52) | K6: La usabilidad es DEFICIENTE
A7: 5 | B7: Encontré las funciones del website bastante bien integradas | D7: X | H7: =MATCH("X",C7:G7,0) -> 2 | J7: WORST IMAGINABLE: [0, 25) | K7: La usabilidad es MUY DEFICIENTE
A8: 6 | B8: Pensé que había demasiada inconsistencia en el website | E8: X | H8: =MATCH("X",C8:G8,0) -> 3
A9: 7 | B9: Imagino que la mayoría de las personas aprenderían muy rápidamente a utilizar el website | F9: X | H9: =MATCH("X",C9:G9,0) -> 4
A10: 8 | B10: Encontré el website muy grande al recorrerlo | D10: X | H10: =MATCH("X",C10:G10,0) -> 2
A11: 9 | B11: Me sentí muy confiado en el manejo del website | G11: X | H11: =MATCH("X",C11:G11,0) -> 5
A12: 10 | B12: Necesito aprender muchas cosas antes de manejarse en el website | C12: X | H12: =MATCH("X",C12:G12,0) -> 1
A13: VALORACIÓN FINAL | H13: =((H3-1)+(5-H4)+(H5-1)+(5-H6)+(H7-1)+(5-H8)+(H9-1)+(5-H10)+(H11-1)+(5-H12))*2.5 -> 77.5
H14: =IF(H13<25,"WORST IMAGINABLE", IF(H13<52,"POOR", IF(H13<74,"OK", IF(H13<81,"GOOD", IF(H13<85,"EXCELLENT", "BEST IMAGINABLE"))))) -> GOOD

Sheet P06
A1: P06 | B1: PREGUNTAS | C1: PUNTUACIÓN | H1: RESULTADO | J1: LEYENDA CON ESCALA DE ADJETIVOS
A2: CASO A | C2: 1 | D2: 2 | E2: 3 | F2: 4 | G2: 5 | J2: BEST IMAGINABLE: [85, 100] | K2: La usabilidad es EXCEPCIONAL
A3: 1 | B3: Creo que me gustará visitar con frecuencia este website | F3: X | H3: =MATCH("X",C3:G3,0) -> 4 | J3: EXCELLENT: [81, 85) | K3: La usabilidad es EXCELENTE
A4: 2 | B4: Encontré el website innecesariamente complejo | C4: X | H4: =MATCH("X",C4:G4,0) -> 1 | J4: GOOD: [74, 81) | K4: La usabilidad es BUENA
A5: 3 | B5: Pensé que era fácil utilizar este website | G5: X | H5: =MATCH("X",C5:G5,0) -> 5 | J5: OK: [52, 74) | K5: La usabilidad es ACEPTABLE
A6: 4 | B6: Creo que necesitaría del apoyo de un experto para recorrer el website | C6: X | H6: =MATCH("X",C6:G6,0) -> 1 | J6: POOR: [25, 52) | K6: La usabilidad es DEFICIENTE
A7: 5 | B7: Encontré las funciones del website bastante bien integradas | F7: X | H7: =MATCH("X",C7:G7,0) -> 4 | J7: WORST IMAGINABLE: [0, 25) | K7: La usabilidad es MUY DEFICIENTE
A8: 6 | B8: Pensé que había demasiada inconsistencia en el website | C8: X | H8: =MATCH("X",C8:G8,0) -> 1
A9: 7 | B9: Imagino que la mayoría de las personas aprenderían muy rápidamente a utilizar el website | G9: X | H9: =MATCH("X",C9:G9,0) -> 5
A10: 8 | B10: Encontré el website muy grande al recorrerlo | D10: X | H10: =MATCH("X",C10:G10,0) -> 2
A11: 9 | B11: Me sentí muy confiado en el manejo del website | G11: X | H11: =MATCH("X",C11:G11,0) -> 5
A12: 10 | B12: Necesito aprender muchas cosas antes de manejarse en el website | C12: X | H12: =MATCH("X",C12:G12,0) -> 1
A13: VALORACIÓN FINAL | H13: =((H3-1)+(5-H4)+(H5-1)+(5-H6)+(H7-1)+(5-H8)+(H9-1)+(5-H10)+(H11-1)+(5-H12))*2.5 -> 92.5
H14: =IF(H13<25,"WORST IMAGINABLE", IF(H13<52,"POOR", IF(H13<74,"OK", IF(H13<81,"GOOD", IF(H13<85,"EXCELLENT", "BEST IMAGINABLE"))))) -> BEST IMAGINABLE

Sheet P07
A1: P07 | B1: PREGUNTAS | C1: PUNTUACIÓN | H1: RESULTADO | J1: LEYENDA CON ESCALA DE ADJETIVOS
A2: CASO A | C2: 1 | D2: 2 | E2: 3 | F2: 4 | G2: 5 | J2: BEST IMAGINABLE: [85, 100] | K2: La usabilidad es EXCEPCIONAL
A3: 1 | B3: Creo que me gustará visitar con frecuencia este website | F3: X | H3: =MATCH("X",C3:G3,0) -> 4 | J3: EXCELLENT: [81, 85) | K3: La usabilidad es EXCELENTE
A4: 2 | B4: Encontré el website innecesariamente complejo | D4: X | H4: =MATCH("X",C4:G4,0) -> 2 | J4: GOOD: [74, 81) | K4: La usabilidad es BUENA
A5: 3 | B5: Pensé que era fácil utilizar este website | G5: X | H5: =MATCH("X",C5:G5,0) -> 5 | J5: OK: [52, 74) | K5: La usabilidad es ACEPTABLE
A6: 4 | B6: Creo que necesitaría del apoyo de un experto para recorrer el website | C6: X | H6: =MATCH("X",C6:G6,0) -> 1 | J6: POOR: [25, 52) | K6: La usabilidad es DEFICIENTE
A7: 5 | B7: Encontré las funciones del website bastante bien integradas | E7: X | H7: =MATCH("X",C7:G7,0) -> 3 | J7: WORST IMAGINABLE: [0, 25) | K7: La usabilidad es MUY DEFICIENTE
A8: 6 | B8: Pensé que había demasiada inconsistencia en el website | D8: X | H8: =MATCH("X",C8:G8,0) -> 2
A9: 7 | B9: Imagino que la mayoría de las personas aprenderían muy rápidamente a utilizar el website | F9: X | H9: =MATCH("X",C9:G9,0) -> 4
A10: 8 | B10: Encontré el website muy grande al recorrerlo | C10: X | H10: =MATCH("X",C10:G10,0) -> 1
A11: 9 | B11: Me sentí muy confiado en el manejo del website | G11: X | H11: =MATCH("X",C11:G11,0) -> 5
A12: 10 | B12: Necesito aprender muchas cosas antes de manejarse en el website | C12: X | H12: =MATCH("X",C12:G12,0) -> 1
A13: VALORACIÓN FINAL | H13: =((H3-1)+(5-H4)+(H5-1)+(5-H6)+(H7-1)+(5-H8)+(H9-1)+(5-H10)+(H11-1)+(5-H12))*2.5 -> 85
H14: =IF(H13<25,"WORST IMAGINABLE", IF(H13<52,"POOR", IF(H13<74,"OK", IF(H13<81,"GOOD", IF(H13<85,"EXCELLENT", "BEST IMAGINABLE"))))) -> BEST IMAGINABLE

Sheet P08
A1: P08 | B1: PREGUNTAS | C1: PUNTUACIÓN | H1: RESULTADO | J1: LEYENDA CON ESCALA DE ADJETIVOS
A2: CASO A | C2: 1 | D2: 2 | E2: 3 | F2: 4 | G2: 5 | J2: BEST IMAGINABLE: [85, 100] | K2: La usabilidad es EXCEPCIONAL
A3: 1 | B3: Creo que me gustará visitar con frecuencia este website | G3: X | H3: =MATCH("X",C3:G3,0) -> 5 | J3: EXCELLENT: [81, 85) | K3: La usabilidad es EXCELENTE
A4: 2 | B4: Encontré el website innecesariamente complejo | C4: X | H4: =MATCH("X",C4:G4,0) -> 1 | J4: GOOD: [74, 81) | K4: La usabilidad es BUENA
A5: 3 | B5: Pensé que era fácil utilizar este website | F5: X | H5: =MATCH("X",C5:G5,0) -> 4 | J5: OK: [52, 74) | K5: La usabilidad es ACEPTABLE
A6: 4 | B6: Creo que necesitaría del apoyo de un experto para recorrer el website | C6: X | H6: =MATCH("X",C6:G6,0) -> 1 | J6: POOR: [25, 52) | K6: La usabilidad es DEFICIENTE
A7: 5 | B7: Encontré las funciones del website bastante bien integradas | F7: X | H7: =MATCH("X",C7:G7,0) -> 4 | J7: WORST IMAGINABLE: [0, 25) | K7: La usabilidad es MUY DEFICIENTE
A8: 6 | B8: Pensé que había demasiada inconsistencia en el website | D8: X | H8: =MATCH("X",C8:G8,0) -> 2
A9: 7 | B9: Imagino que la mayoría de las personas aprenderían muy rápidamente a utilizar el website | F9: X | H9: =MATCH("X",C9:G9,0) -> 4
A10: 8 | B10: Encontré el website muy grande al recorrerlo | C10: X | H10: =MATCH("X",C10:G10,0) -> 1
A11: 9 | B11: Me sentí muy confiado en el manejo del website | G11: X | H11: =MATCH("X",C11:G11,0) -> 5
A12: 10 | B12: Necesito aprender muchas cosas antes de manejarse en el website | C12: X | H12: =MATCH("X",C12:G12,0) -> 1
A13: VALORACIÓN FINAL | H13: =((H3-1)+(5-H4)+(H5-1)+(5-H6)+(H7-1)+(5-H8)+(H9-1)+(5-H10)+(H11-1)+(5-H12))*2.5 -> 90
H14: =IF(H13<25,"WORST IMAGINABLE", IF(H13<52,"POOR", IF(H13<74,"OK", IF(H13<81,"GOOD", IF(H13<85,"EXCELLENT", "BEST IMAGINABLE"))))) -> BEST IMAGINABLE

Sheet P09
A1: P09 | B1: PREGUNTAS | C1: PUNTUACIÓN | H1: RESULTADO | J1: LEYENDA CON ESCALA DE ADJETIVOS
A2: CASO A | C2: 1 | D2: 2 | E2: 3 | F2: 4 | G2: 5 | J2: BEST IMAGINABLE: [85, 100] | K2: La usabilidad es EXCEPCIONAL
A3: 1 | B3: Creo que me gustará visitar con frecuencia este website | F3: X | H3: =MATCH("X",C3:G3,0) -> 4 | J3: EXCELLENT: [81, 85) | K3: La usabilidad es EXCELENTE
A4: 2 | B4: Encontré el website innecesariamente complejo | D4: X | H4: =MATCH("X",C4:G4,0) -> 2 | J4: GOOD: [74, 81) | K4: La usabilidad es BUENA
A5: 3 | B5: Pensé que era fácil utilizar este website | F5: X | H5: =MATCH("X",C5:G5,0) -> 4 | J5: OK: [52, 74) | K5: La usabilidad es ACEPTABLE
A6: 4 | B6: Creo que necesitaría del apoyo de un experto para recorrer el website | D6: X | H6: =MATCH("X",C6:G6,0) -> 2 | J6: POOR: [25, 52) | K6: La usabilidad es DEFICIENTE
A7: 5 | B7: Encontré las funciones del website bastante bien integradas | F7: X | H7: =MATCH("X",C7:G7,0) -> 4 | J7: WORST IMAGINABLE: [0, 25) | K7: La usabilidad es MUY DEFICIENTE
A8: 6 | B8: Pensé que había demasiada inconsistencia en el website | D8: X | H8: =MATCH("X",C8:G8,0) -> 2
A9: 7 | B9: Imagino que la mayoría de las personas aprenderían muy rápidamente a utilizar el website | G9: X | H9: =MATCH("X",C9:G9,0) -> 5
A10: 8 | B10: Encontré el website muy grande al recorrerlo | D10: X | H10: =MATCH("X",C10:G10,0) -> 2
A11: 9 | B11: Me sentí muy confiado en el manejo del website | F11: X | H11: =MATCH("X",C11:G11,0) -> 4
A12: 10 | B12: Necesito aprender muchas cosas antes de manejarse en el website | D12: X | H12: =MATCH("X",C12:G12,0) -> 2
A13: VALORACIÓN FINAL | H13: =((H3-1)+(5-H4)+(H5-1)+(5-H6)+(H7-1)+(5-H8)+(H9-1)+(5-H10)+(H11-1)+(5-H12))*2.5 -> 77.5
H14: =IF(H13<25,"WORST IMAGINABLE", IF(H13<52,"POOR", IF(H13<74,"OK", IF(H13<81,"GOOD", IF(H13<85,"EXCELLENT", "BEST IMAGINABLE"))))) -> GOOD

Sheet P10
A1: P10 | B1: PREGUNTAS | C1: PUNTUACIÓN | H1: RESULTADO | J1: LEYENDA CON ESCALA DE ADJETIVOS
A2: CASO A | C2: 1 | D2: 2 | E2: 3 | F2: 4 | G2: 5 | J2: BEST IMAGINABLE: [85, 100] | K2: La usabilidad es EXCEPCIONAL
A3: 1 | B3: Creo que me gustará visitar con frecuencia este website | G3: X | H3: =MATCH("X",C3:G3,0) -> 5 | J3: EXCELLENT: [81, 85) | K3: La usabilidad es EXCELENTE
A4: 2 | B4: Encontré el website innecesariamente complejo | C4: X | H4: =MATCH("X",C4:G4,0) -> 1 | J4: GOOD: [74, 81) | K4: La usabilidad es BUENA
A5: 3 | B5: Pensé que era fácil utilizar este website | G5: X | H5: =MATCH("X",C5:G5,0) -> 5 | J5: OK: [52, 74) | K5: La usabilidad es ACEPTABLE
A6: 4 | B6: Creo que necesitaría del apoyo de un experto para recorrer el website | C6: X | H6: =MATCH("X",C6:G6,0) -> 1 | J6: POOR: [25, 52) | K6: La usabilidad es DEFICIENTE
A7: 5 | B7: Encontré las funciones del website bastante bien integradas | G7: X | H7: =MATCH("X",C7:G7,0) -> 5 | J7: WORST IMAGINABLE: [0, 25) | K7: La usabilidad es MUY DEFICIENTE
A8: 6 | B8: Pensé que había demasiada inconsistencia en el website | C8: X | H8: =MATCH("X",C8:G8,0) -> 1
A9: 7 | B9: Imagino que la mayoría de las personas aprenderían muy rápidamente a utilizar el website | F9: X | H9: =MATCH("X",C9:G9,0) -> 4
A10: 8 | B10: Encontré el website muy grande al recorrerlo | C10: X | H10: =MATCH("X",C10:G10,0) -> 1
A11: 9 | B11: Me sentí muy confiado en el manejo del website | G11: X | H11: =MATCH("X",C11:G11,0) -> 5
A12: 10 | B12: Necesito aprender muchas cosas antes de manejarse en el website | C12: X | H12: =MATCH("X",C12:G12,0) -> 1
A13: VALORACIÓN FINAL | H13: =((H3-1)+(5-H4)+(H5-1)+(5-H6)+(H7-1)+(5-H8)+(H9-1)+(5-H10)+(H11-1)+(5-H12))*2.5 -> 97.5
H14: =IF(H13<25,"WORST IMAGINABLE", IF(H13<52,"POOR", IF(H13<74,"OK", IF(H13<81,"GOOD", IF(H13<85,"EXCELLENT", "BEST IMAGINABLE"))))) -> BEST IMAGINABLE

Sheet Análisis manual de resultados
A1: CASO EVALUADO | B1: ID PARTICIPANTE | C1: VALORACIÓN FINAL | D1: INTERPRETACIÓN | E1: Valoración final media | F1: Interpretación media | H1: LEYENDA CON ESCALA DE ADJETIVOS
A2: B | B2: P01 | C2: ='P01'!H13 -> 80 | D2: ='P01'!H14 -> GOOD | E2: =AVERAGE(C2:C6) -> 79.5 | F2: =IF(E2<25,"WORST IMAGINABLE", IF(E2<52,"POOR", IF(E2<74,"OK", IF(E2<81,"GOOD", IF(E2<85,"EXCELLENT", "BEST IMAGINABLE"))))) -> GOOD | H2: BEST IMAGINABLE: [85, 100] | I2: La usabilidad es EXCEPCIONAL
B3: P02 | C3: ='P02'!H13 -> 85 | D3: ='P02'!H14 -> BEST IMAGINABLE | H3: EXCELLENT: [81, 85) | I3: La usabilidad es EXCELENTE
B4: P03 | C4: ='P03'!H13 -> 65 | D4: ='P03'!H14 -> OK | H4: GOOD: [74, 81) | I4: La usabilidad es BUENA
B5: P04 | C5: ='P04'!H13 -> 90 | D5: ='P04'!H14 -> BEST IMAGINABLE | H5: OK: [52, 74) | I5: La usabilidad es ACEPTABLE
B6: P05 | C6: ='P05'!H13 -> 77.5 | D6: ='P05'!H14 -> GOOD | H6: POOR: [25, 52) | I6: La usabilidad es DEFICIENTE
A7: A | B7: P06 | C7: ='P06'!H13 -> 92.5 | D7: ='P06'!H14 -> BEST IMAGINABLE | E7: =AVERAGE(C7:C11) -> 88.5 | F7: =IF(E7<25,"WORST IMAGINABLE", IF(E7<52,"POOR", IF(E7<74,"OK", IF(E7<81,"GOOD", IF(E7<85,"EXCELLENT", "BEST IMAGINABLE"))))) -> BEST IMAGINABLE | H7: WORST IMAGINABLE: [0, 25) | I7: La usabilidad es MUY DEFICIENTE
B8: P07 | C8: ='P07'!H13 -> 85 | D8: ='P07'!H14 -> BEST IMAGINABLE
B9: P08 | C9: ='P08'!H13 -> 90 | D9: ='P08'!H14 -> BEST IMAGINABLE
B10: P09 | C10: ='P09'!H13 -> 77.5 | D10: ='P09'!H14 -> GOOD
B11: P10 | C11: ='P10'!H13 -> 97.5 | D11: ='P10'!H14 -> BEST IMAGINABLE

Sheet Resumen respuestas para envío d
A1: Question 1 | B1: Question 2 | C1: Question 3 | D1: Question 4 | E1: Question 5 | F1: Question 6 | G1: Question 7 | H1: Question 8 | I1: Question 9 | J1: Question 10 | K1: System
A2: =INDEX(INDIRECT("'P"&TEXT(ROW(A1),"00")&"'!$H$3:$H$12"),COLUMN(A1)) -> 3 | B2: =INDEX(INDIRECT("'P"&TEXT(ROW(B1),"00")&"'!$H$3:$H$12"),COLUMN(B1)) -> 1 | C2: =INDEX(INDIRECT("'P"&TEXT(ROW(C1),"00")&"'!$H$3:$H$12"),COLUMN(C1)) -> 4 | D2: =INDEX(INDIRECT("'P"&TEXT(ROW(D1),"00")&"'!$H$3:$H$12"),COLUMN(D1)) -> 1 | E2: =INDEX(INDIRECT("'P"&TEXT(ROW(E1),"00")&"'!$H$3:$H$12"),COLUMN(E1)) -> 4 | F2: =INDEX(INDIRECT("'P"&TEXT(ROW(F1),"00")&"'!$H$3:$H$12"),COLUMN(F1)) -> 2 | G2: =INDEX(INDIRECT("'P"&TEXT(ROW(G1),"00")&"'!$H$3:$H$12"),COLUMN(G1)) -> 4 | H2: =INDEX(INDIRECT("'P"&TEXT(ROW(H1),"00")&"'!$H$3:$H$12"),COLUMN(H1)) -> 2 | ... J2: =INDEX(INDIRECT("'P"&TEXT(ROW(J1),"00")&"'!$H$3:$H$12"),COLUMN(J1)) -> 1 | K2: Caso B
A3: =INDEX(INDIRECT("'P"&TEXT(ROW(A2),"00")&"'!$H$3:$H$12"),COLUMN(A2)) -> 4 | B3: =INDEX(INDIRECT("'P"&TEXT(ROW(B2),"00")&"'!$H$3:$H$12"),COLUMN(B2)) -> 2 | C3: =INDEX(INDIRECT("'P"&TEXT(ROW(C2),"00")&"'!$H$3:$H$12"),COLUMN(C2)) -> 5 | D3: =INDEX(INDIRECT("'P"&TEXT(ROW(D2),"00")&"'!$H$3:$H$12"),COLUMN(D2)) -> 1 | E3: =INDEX(INDIRECT("'P"&TEXT(ROW(E2),"00")&"'!$H$3:$H$12"),COLUMN(E2)) -> 4 | F3: =INDEX(INDIRECT("'P"&TEXT(ROW(F2),"00")&"'!$H$3:$H$12"),COLUMN(F2)) -> 2 | G3: =INDEX(INDIRECT("'P"&TEXT(ROW(G2),"00")&"'!$H$3:$H$12"),COLUMN(G2)) -> 4 | H3: =INDEX(INDIRECT("'P"&TEXT(ROW(H2),"00")&"'!$H$3:$H$12"),COLUMN(H2)) -> 1 | ... J3: =INDEX(INDIRECT("'P"&TEXT(ROW(J2),"00")&"'!$H$3:$H$12"),COLUMN(J2)) -> 1 | K3: Caso B
A4: =INDEX(INDIRECT("'P"&TEXT(ROW(A3),"00")&"'!$H$3:$H$12"),COLUMN(A3)) -> 2 | B4: =INDEX(INDIRECT("'P"&TEXT(ROW(B3),"00")&"'!$H$3:$H$12"),COLUMN(B3)) -> 3 | C4: =INDEX(INDIRECT("'P"&TEXT(ROW(C3),"00")&"'!$H$3:$H$12"),COLUMN(C3)) -> 3 | D4: =INDEX(INDIRECT("'P"&TEXT(ROW(D3),"00")&"'!$H$3:$H$12"),COLUMN(D3)) -> 1 | E4: =INDEX(INDIRECT("'P"&TEXT(ROW(E3),"00")&"'!$H$3:$H$12"),COLUMN(E3)) -> 3 | F4: =INDEX(INDIRECT("'P"&TEXT(ROW(F3),"00")&"'!$H$3:$H$12"),COLUMN(F3)) -> 4 | G4: =INDEX(INDIRECT("'P"&TEXT(ROW(G3),"00")&"'!$H$3:$H$12"),COLUMN(G3)) -> 3 | H4: =INDEX(INDIRECT("'P"&TEXT(ROW(H3),"00")&"'!$H$3:$H$12"),COLUMN(H3)) -> 1 | ... J4: =INDEX(INDIRECT("'P"&TEXT(ROW(J3),"00")&"'!$H$3:$H$12"),COLUMN(J3)) -> 1 | K4: Caso B
A5: =INDEX(INDIRECT("'P"&TEXT(ROW(A4),"00")&"'!$H$3:$H$12"),COLUMN(A4)) -> 4 | B5: =INDEX(INDIRECT("'P"&TEXT(ROW(B4),"00")&"'!$H$3:$H$12"),COLUMN(B4)) -> 1 | C5: =INDEX(INDIRECT("'P"&TEXT(ROW(C4),"00")&"'!$H$3:$H$12"),COLUMN(C4)) -> 5 | D5: =INDEX(INDIRECT("'P"&TEXT(ROW(D4),"00")&"'!$H$3:$H$12"),COLUMN(D4)) -> 1 | E5: =INDEX(INDIRECT("'P"&TEXT(ROW(E4),"00")&"'!$H$3:$H$12"),COLUMN(E4)) -> 5 | F5: =INDEX(INDIRECT("'P"&TEXT(ROW(F4),"00")&"'!$H$3:$H$12"),COLUMN(F4)) -> 2 | G5: =INDEX(INDIRECT("'P"&TEXT(ROW(G4),"00")&"'!$H$3:$H$12"),COLUMN(G4)) -> 4 | H5: =INDEX(INDIRECT("'P"&TEXT(ROW(H4),"00")&"'!$H$3:$H$12"),COLUMN(H4)) -> 2 | ... J5: =INDEX(INDIRECT("'P"&TEXT(ROW(J4),"00")&"'!$H$3:$H$12"),COLUMN(J4)) -> 1 | K5: Caso B
A6: =INDEX(INDIRECT("'P"&TEXT(ROW(A5),"00")&"'!$H$3:$H$12"),COLUMN(A5)) -> 4 | B6: =INDEX(INDIRECT("'P"&TEXT(ROW(B5),"00")&"'!$H$3:$H$12"),COLUMN(B5)) -> 2 | C6: =INDEX(INDIRECT("'P"&TEXT(ROW(C5),"00")&"'!$H$3:$H$12"),COLUMN(C5)) -> 5 | D6: =INDEX(INDIRECT("'P"&TEXT(ROW(D5),"00")&"'!$H$3:$H$12"),COLUMN(D5)) -> 1 | E6: =INDEX(INDIRECT("'P"&TEXT(ROW(E5),"00")&"'!$H$3:$H$12"),COLUMN(E5)) -> 2 | F6: =INDEX(INDIRECT("'P"&TEXT(ROW(F5),"00")&"'!$H$3:$H$12"),COLUMN(F5)) -> 3 | G6: =INDEX(INDIRECT("'P"&TEXT(ROW(G5),"00")&"'!$H$3:$H$12"),COLUMN(G5)) -> 4 | H6: =INDEX(INDIRECT("'P"&TEXT(ROW(H5),"00")&"'!$H$3:$H$12"),COLUMN(H5)) -> 2 | ... J6: =INDEX(INDIRECT("'P"&TEXT(ROW(J5),"00")&"'!$H$3:$H$12"),COLUMN(J5)) -> 1 | K6: Caso B
A7: =INDEX(INDIRECT("'P"&TEXT(ROW(A6),"00")&"'!$H$3:$H$12"),COLUMN(A6)) -> 4 | B7: =INDEX(INDIRECT("'P"&TEXT(ROW(B6),"00")&"'!$H$3:$H$12"),COLUMN(B6)) -> 1 | C7: =INDEX(INDIRECT("'P"&TEXT(ROW(C6),"00")&"'!$H$3:$H$12"),COLUMN(C6)) -> 5 | D7: =INDEX(INDIRECT("'P"&TEXT(ROW(D6),"00")&"'!$H$3:$H$12"),COLUMN(D6)) -> 1 | E7: =INDEX(INDIRECT("'P"&TEXT(ROW(E6),"00")&"'!$H$3:$H$12"),COLUMN(E6)) -> 4 | F7: =INDEX(INDIRECT("'P"&TEXT(ROW(F6),"00")&"'!$H$3:$H$12"),COLUMN(F6)) -> 1 | G7: =INDEX(INDIRECT("'P"&TEXT(ROW(G6),"00")&"'!$H$3:$H$12"),COLUMN(G6)) -> 5 | H7: =INDEX(INDIRECT("'P"&TEXT(ROW(H6),"00")&"'!$H$3:$H$12"),COLUMN(H6)) -> 2 | ... J7: =INDEX(INDIRECT("'P"&TEXT(ROW(J6),"00")&"'!$H$3:$H$12"),COLUMN(J6)) -> 1 | K7: Caso A
A8: =INDEX(INDIRECT("'P"&TEXT(ROW(A7),"00")&"'!$H$3:$H$12"),COLUMN(A7)) -> 4 | B8: =INDEX(INDIRECT("'P"&TEXT(ROW(B7),"00")&"'!$H$3:$H$12"),COLUMN(B7)) -> 2 | C8: =INDEX(INDIRECT("'P"&TEXT(ROW(C7),"00")&"'!$H$3:$H$12"),COLUMN(C7)) -> 5 | D8: =INDEX(INDIRECT("'P"&TEXT(ROW(D7),"00")&"'!$H$3:$H$12"),COLUMN(D7)) -> 1 | E8: =INDEX(INDIRECT("'P"&TEXT(ROW(E7),"00")&"'!$H$3:$H$12"),COLUMN(E7)) -> 3 | F8: =INDEX(INDIRECT("'P"&TEXT(ROW(F7),"00")&"'!$H$3:$H$12"),COLUMN(F7)) -> 2 | G8: =INDEX(INDIRECT("'P"&TEXT(ROW(G7),"00")&"'!$H$3:$H$12"),COLUMN(G7)) -> 4 | H8: =INDEX(INDIRECT("'P"&TEXT(ROW(H7),"00")&"'!$H$3:$H$12"),COLUMN(H7)) -> 1 | ... J8: =INDEX(INDIRECT("'P"&TEXT(ROW(J7),"00")&"'!$H$3:$H$12"),COLUMN(J7)) -> 1 | K8: Caso A
A9: =INDEX(INDIRECT("'P"&TEXT(ROW(A8),"00")&"'!$H$3:$H$12"),COLUMN(A8)) -> 5 | B9: =INDEX(INDIRECT("'P"&TEXT(ROW(B8),"00")&"'!$H$3:$H$12"),COLUMN(B8)) -> 1 | C9: =INDEX(INDIRECT("'P"&TEXT(ROW(C8),"00")&"'!$H$3:$H$12"),COLUMN(C8)) -> 4 | D9: =INDEX(INDIRECT("'P"&TEXT(ROW(D8),"00")&"'!$H$3:$H$12"),COLUMN(D8)) -> 1 | E9: =INDEX(INDIRECT("'P"&TEXT(ROW(E8),"00")&"'!$H$3:$H$12"),COLUMN(E8)) -> 4 | F9: =INDEX(INDIRECT("'P"&TEXT(ROW(F8),"00")&"'!$H$3:$H$12"),COLUMN(F8)) -> 2 | G9: =INDEX(INDIRECT("'P"&TEXT(ROW(G8),"00")&"'!$H$3:$H$12"),COLUMN(G8)) -> 4 | H9: =INDEX(INDIRECT("'P"&TEXT(ROW(H8),"00")&"'!$H$3:$H$12"),COLUMN(H8)) -> 1 | ... J9: =INDEX(INDIRECT("'P"&TEXT(ROW(J8),"00")&"'!$H$3:$H$12"),COLUMN(J8)) -> 1 | K9: Caso A
A10: =INDEX(INDIRECT("'P"&TEXT(ROW(A9),"00")&"'!$H$3:$H$12"),COLUMN(A9)) -> 4 | B10: =INDEX(INDIRECT("'P"&TEXT(ROW(B9),"00")&"'!$H$3:$H$12"),COLUMN(B9)) -> 2 | C10: =INDEX(INDIRECT("'P"&TEXT(ROW(C9),"00")&"'!$H$3:$H$12"),COLUMN(C9)) -> 4 | D10: =INDEX(INDIRECT("'P"&TEXT(ROW(D9),"00")&"'!$H$3:$H$12"),COLUMN(D9)) -> 2 | E10: =INDEX(INDIRECT("'P"&TEXT(ROW(E9),"00")&"'!$H$3:$H$12"),COLUMN(E9)) -> 4 | F10: =INDEX(INDIRECT("'P"&TEXT(ROW(F9),"00")&"'!$H$3:$H$12"),COLUMN(F9)) -> 2 | G10: =INDEX(INDIRECT("'P"&TEXT(ROW(G9),"00")&"'!$H$3:$H$12"),COLUMN(G9)) -> 5 | H10: =INDEX(INDIRECT("'P"&TEXT(ROW(H9),"00")&"'!$H$3:$H$12"),COLUMN(H9)) -> 2 | ... J10: =INDEX(INDIRECT("'P"&TEXT(ROW(J9),"00")&"'!$H$3:$H$12"),COLUMN(J9)) -> 2 | K10: Caso A
A11: =INDEX(INDIRECT("'P"&TEXT(ROW(A10),"00")&"'!$H$3:$H$12"),COLUMN(A10)) -> 5 | B11: =INDEX(INDIRECT("'P"&TEXT(ROW(B10),"00")&"'!$H$3:$H$12"),COLUMN(B10)) -> 1 | C11: =INDEX(INDIRECT("'P"&TEXT(ROW(C10),"00")&"'!$H$3:$H$12"),COLUMN(C10)) -> 5 | D11: =INDEX(INDIRECT("'P"&TEXT(ROW(D10),"00")&"'!$H$3:$H$12"),COLUMN(D10)) -> 1 | E11: =INDEX(INDIRECT("'P"&TEXT(ROW(E10),"00")&"'!$H$3:$H$12"),COLUMN(E10)) -> 5 | F11: =INDEX(INDIRECT("'P"&TEXT(ROW(F10),"00")&"'!$H$3:$H$12"),COLUMN(F10)) -> 1 | G11: =INDEX(INDIRECT("'P"&TEXT(ROW(G10),"00")&"'!$H$3:$H$12"),COLUMN(G10)) -> 4 | H11: =INDEX(INDIRECT("'P"&TEXT(ROW(H10),"00")&"'!$H$3:$H$12"),COLUMN(H10)) -> 1 | ... J11: =INDEX(INDIRECT("'P"&TEXT(ROW(J10),"00")&"'!$H$3:$H$12"),COLUMN(J10)) -> 1 | K11: Caso A
